age,rate_per_100k
40,32.764456908897316
41,35.25101073476027
42,37.95700882148032
43,40.8987060259035
44,44.09301029780672
45,47.55738687332257
46,51.24492163194574
47,55.22843963054649
48,59.52161593556731
49,64.14852179929538
50,69.13509965000337
51,74.38620400763418
52,80.03615203677654
53,86.11523760772349
54,92.65605553884087
55,99.69367636334286
56,107.04951978277946
57,114.94811008832801
58,123.42949356232339
59,132.53667128015354
60,142.31581712805018
61,152.54121107044975
62,163.50129974592446
63,175.24887098385756
64,187.8405054200941
65,201.33684901015124
66,215.4658791893883
67,230.5864292756236
68,246.768080246001
69,264.085295997661
70,282.6177660119085
71,302.0851727183963
72,322.89354227100546
73,345.13524348812996
74,368.9090077795189
75,394.32036741721464
76,421.19111658905217
77,449.8929584984661
78,480.5506719743655
79,513.2975388317876
80,548.275923303308
81,585.4931719914482
82,625.2367464601723
83,667.6781349890988
84,713.0004665695355
85,761.3993010819142
