disease_id,sex,section,issue_year,issue_age,age,rate_per_100k,year_lookup
cancer,total,total,2024,40,40,27.865938312627808,2024
cancer,total,total,2024,40,41,,2025
cancer,total,total,2024,40,42,,2026
cancer,total,total,2024,40,43,,2027
cancer,total,total,2024,40,44,,2028
cancer,total,total,2024,40,45,43.08603974399845,2029
cancer,total,total,2024,40,46,,2030
cancer,total,total,2024,40,47,,2031
cancer,total,total,2024,40,48,,2032
cancer,total,total,2024,40,49,,2033
cancer,total,total,2024,40,50,67.82634223174334,2034
cancer,total,total,2024,40,51,,2035
cancer,total,total,2024,40,52,,2036
cancer,total,total,2024,40,53,,2037
cancer,total,total,2024,40,54,,2038
cancer,total,total,2024,40,55,107.115568483732,2039
cancer,total,total,2024,40,56,,2040
cancer,total,total,2024,40,57,,2041
cancer,total,total,2024,40,58,,2042
cancer,total,total,2024,40,59,,2043
cancer,total,total,2024,40,60,167.24813495063344,2044
cancer,total,total,2024,40,61,,2045
cancer,total,total,2024,40,62,,2046
cancer,total,total,2024,40,63,,2047
cancer,total,total,2024,40,64,,2048
cancer,total,total,2024,40,65,257.59115427650505,2049
cancer,total,total,2024,40,66,,2050
cancer,total,total,2024,40,67,,2051
cancer,total,total,2024,40,68,,2052
cancer,total,total,2024,40,69,,2053
cancer,total,total,2024,40,70,,2054
cancer,total,total,2024,40,71,,2055
cancer,total,total,2024,40,72,,2056
cancer,total,total,2024,40,73,,2057
cancer,total,total,2024,40,74,,2058
cancer,total,total,2024,40,75,,2059
cancer,total,total,2024,40,76,,2060
cancer,total,total,2024,40,77,,2061
cancer,total,total,2024,40,78,,2062
cancer,total,total,2024,40,79,,2063
cancer,total,total,2024,40,80,,2064
cancer,total,total,2024,40,81,,2065
cancer,total,total,2024,40,82,,2066
cancer,total,total,2024,40,83,,2067
cancer,total,total,2024,40,84,,2068
cancer,total,total,2024,40,85,,2069
cancer,total,total,2024,40,86,,2070
cancer,total,total,2024,40,87,,2071
cancer,total,total,2024,40,88,,2072
cancer,total,total,2024,40,89,,2073
cerebrovascular,total,total,2024,40,40,7.373197897402903,2024
cerebrovascular,total,total,2024,40,41,,2025
cerebrovascular,total,total,2024,40,42,,2026
cerebrovascular,total,total,2024,40,43,,2027
cerebrovascular,total,total,2024,40,44,,2028
cerebrovascular,total,total,2024,40,45,11.065785291920287,2029
cerebrovascular,total,total,2024,40,46,,2030
cerebrovascular,total,total,2024,40,47,,2031
cerebrovascular,total,total,2024,40,48,,2032
cerebrovascular,total,total,2024,40,49,,2033
cerebrovascular,total,total,2024,40,50,16.25124723972919,2034
cerebrovascular,total,total,2024,40,51,,2035
cerebrovascular,total,total,2024,40,52,,2036
cerebrovascular,total,total,2024,40,53,,2037
cerebrovascular,total,total,2024,40,54,,2038
cerebrovascular,total,total,2024,40,55,23.709110495325156,2039
cerebrovascular,total,total,2024,40,56,,2040
cerebrovascular,total,total,2024,40,57,,2041
cerebrovascular,total,total,2024,40,58,,2042
cerebrovascular,total,total,2024,40,59,,2043
cerebrovascular,total,total,2024,40,60,34.784173975296945,2044
cerebrovascular,total,total,2024,40,61,,2045
cerebrovascular,total,total,2024,40,62,,2046
cerebrovascular,total,total,2024,40,63,,2047
cerebrovascular,total,total,2024,40,64,,2048
cerebrovascular,total,total,2024,40,65,51.524905955588935,2049
cerebrovascular,total,total,2024,40,66,,2050
cerebrovascular,total,total,2024,40,67,,2051
cerebrovascular,total,total,2024,40,68,,2052
cerebrovascular,total,total,2024,40,69,,2053
cerebrovascular,total,total,2024,40,70,,2054
cerebrovascular,total,total,2024,40,71,,2055
cerebrovascular,total,total,2024,40,72,,2056
cerebrovascular,total,total,2024,40,73,,2057
cerebrovascular,total,total,2024,40,74,,2058
cerebrovascular,total,total,2024,40,75,,2059
cerebrovascular,total,total,2024,40,76,,2060
cerebrovascular,total,total,2024,40,77,,2061
cerebrovascular,total,total,2024,40,78,,2062
cerebrovascular,total,total,2024,40,79,,2063
cerebrovascular,total,total,2024,40,80,,2064
cerebrovascular,total,total,2024,40,81,,2065
cerebrovascular,total,total,2024,40,82,,2066
cerebrovascular,total,total,2024,40,83,,2067
cerebrovascular,total,total,2024,40,84,,2068
cerebrovascular,total,total,2024,40,85,,2069
cerebrovascular,total,total,2024,40,86,,2070
cerebrovascular,total,total,2024,40,87,,2071
cerebrovascular,total,total,2024,40,88,,2072
cerebrovascular,total,total,2024,40,89,,2073
heart_disease,total,total,2024,40,40,9.800023013634561,2024
heart_disease,total,total,2024,40,41,,2025
heart_disease,total,total,2024,40,42,,2026
heart_disease,total,total,2024,40,43,,2027
heart_disease,total,total,2024,40,44,,2028
heart_disease,total,total,2024,40,45,15.680862096895137,2029
heart_disease,total,total,2024,40,46,,2030
heart_disease,total,total,2024,40,47,,2031
heart_disease,total,total,2024,40,48,,2032
heart_disease,total,total,2024,40,49,,2033
heart_disease,total,total,2024,40,50,25.319664407205828,2034
heart_disease,total,total,2024,40,51,,2035
heart_disease,total,total,2024,40,52,,2036
heart_disease,total,total,2024,40,53,,2037
heart_disease,total,total,2024,40,54,,2038
heart_disease,total,total,2024,40,55,40.50347686077618,2039
heart_disease,total,total,2024,40,56,,2040
heart_disease,total,total,2024,40,57,,2041
heart_disease,total,total,2024,40,58,,2042
heart_disease,total,total,2024,40,59,,2043
heart_disease,total,total,2024,40,60,64.4555178850071,2044
heart_disease,total,total,2024,40,61,,2045
heart_disease,total,total,2024,40,62,,2046
heart_disease,total,total,2024,40,63,,2047
heart_disease,total,total,2024,40,64,,2048
heart_disease,total,total,2024,40,65,102.36431213847692,2049
heart_disease,total,total,2024,40,66,,2050
heart_disease,total,total,2024,40,67,,2051
heart_disease,total,total,2024,40,68,,2052
heart_disease,total,total,2024,40,69,,2053
heart_disease,total,total,2024,40,70,,2054
heart_disease,total,total,2024,40,71,,2055
heart_disease,total,total,2024,40,72,,2056
heart_disease,total,total,2024,40,73,,2057
heart_disease,total,total,2024,40,74,,2058
heart_disease,total,total,2024,40,75,,2059
heart_disease,total,total,2024,40,76,,2060
heart_disease,total,total,2024,40,77,,2061
heart_disease,total,total,2024,40,78,,2062
heart_disease,total,total,2024,40,79,,2063
heart_disease,total,total,2024,40,80,,2064
heart_disease,total,total,2024,40,81,,2065
heart_disease,total,total,2024,40,82,,2066
heart_disease,total,total,2024,40,83,,2067
heart_disease,total,total,2024,40,84,,2068
heart_disease,total,total,2024,40,85,,2069
heart_disease,total,total,2024,40,86,,2070
heart_disease,total,total,2024,40,87,,2071
heart_disease,total,total,2024,40,88,,2072
heart_disease,total,total,2024,40,89,,2073
cancer,total,total,2025,40,40,27.359308522603786,2025
cancer,total,total,2025,40,41,,2026
cancer,total,total,2025,40,42,,2027
cancer,total,total,2025,40,43,,2028
cancer,total,total,2025,40,44,,2029
cancer,total,total,2025,40,45,42.49747342842769,2030
cancer,total,total,2025,40,46,,2031
cancer,total,total,2025,40,47,,2032
cancer,total,total,2025,40,48,,2033
cancer,total,total,2025,40,49,,2034
cancer,total,total,2025,40,50,67.14807880942591,2035
cancer,total,total,2025,40,51,,2036
cancer,total,total,2025,40,52,,2037
cancer,total,total,2025,40,53,,2038
cancer,total,total,2025,40,54,,2039
cancer,total,total,2025,40,55,106.04441279889468,2040
cancer,total,total,2025,40,56,,2041
cancer,total,total,2025,40,57,,2042
cancer,total,total,2025,40,58,,2043
cancer,total,total,2025,40,59,,2044
cancer,total,total,2025,40,60,165.5756536011271,2045
cancer,total,total,2025,40,61,,2046
cancer,total,total,2025,40,62,,2047
cancer,total,total,2025,40,63,,2048
cancer,total,total,2025,40,64,,2049
cancer,total,total,2025,40,65,255.01524273374,2050
cancer,total,total,2025,40,66,,2051
cancer,total,total,2025,40,67,,2052
cancer,total,total,2025,40,68,,2053
cancer,total,total,2025,40,69,,2054
cancer,total,total,2025,40,70,,2055
cancer,total,total,2025,40,71,,2056
cancer,total,total,2025,40,72,,2057
cancer,total,total,2025,40,73,,2058
cancer,total,total,2025,40,74,,2059
cancer,total,total,2025,40,75,,2060
cancer,total,total,2025,40,76,,2061
cancer,total,total,2025,40,77,,2062
cancer,total,total,2025,40,78,,2063
cancer,total,total,2025,40,79,,2064
cancer,total,total,2025,40,80,,2065
cancer,total,total,2025,40,81,,2066
cancer,total,total,2025,40,82,,2067
cancer,total,total,2025,40,83,,2068
cancer,total,total,2025,40,84,,2069
cancer,total,total,2025,40,85,,2070
cancer,total,total,2025,40,86,,2071
cancer,total,total,2025,40,87,,2072
cancer,total,total,2025,40,88,,2073
cancer,total,total,2025,40,89,,2074
cerebrovascular,total,total,2025,40,40,7.360705318931326,2025
cerebrovascular,total,total,2025,40,41,,2026
cerebrovascular,total,total,2025,40,42,,2027
cerebrovascular,total,total,2025,40,43,,2028
cerebrovascular,total,total,2025,40,44,,2029
cerebrovascular,total,total,2025,40,45,10.995312887786705,2030
cerebrovascular,total,total,2025,40,46,,2031
cerebrovascular,total,total,2025,40,47,,2032
cerebrovascular,total,total,2025,40,48,,2033
cerebrovascular,total,total,2025,40,49,,2034
cerebrovascular,total,total,2025,40,50,16.088734767331896,2035
cerebrovascular,total,total,2025,40,51,,2036
cerebrovascular,total,total,2025,40,52,,2037
cerebrovascular,total,total,2025,40,53,,2038
cerebrovascular,total,total,2025,40,54,,2039
cerebrovascular,total,total,2025,40,55,23.472019390371905,2040
cerebrovascular,total,total,2025,40,56,,2041
cerebrovascular,total,total,2025,40,57,,2042
cerebrovascular,total,total,2025,40,58,,2043
cerebrovascular,total,total,2025,40,59,,2044
cerebrovascular,total,total,2025,40,60,34.43633223554397,2045
cerebrovascular,total,total,2025,40,61,,2046
cerebrovascular,total,total,2025,40,62,,2047
cerebrovascular,total,total,2025,40,63,,2048
cerebrovascular,total,total,2025,40,64,,2049
cerebrovascular,total,total,2025,40,65,51.00965689603304,2050
cerebrovascular,total,total,2025,40,66,,2051
cerebrovascular,total,total,2025,40,67,,2052
cerebrovascular,total,total,2025,40,68,,2053
cerebrovascular,total,total,2025,40,69,,2054
cerebrovascular,total,total,2025,40,70,,2055
cerebrovascular,total,total,2025,40,71,,2056
cerebrovascular,total,total,2025,40,72,,2057
cerebrovascular,total,total,2025,40,73,,2058
cerebrovascular,total,total,2025,40,74,,2059
cerebrovascular,total,total,2025,40,75,,2060
cerebrovascular,total,total,2025,40,76,,2061
cerebrovascular,total,total,2025,40,77,,2062
cerebrovascular,total,total,2025,40,78,,2063
cerebrovascular,total,total,2025,40,79,,2064
cerebrovascular,total,total,2025,40,80,,2065
cerebrovascular,total,total,2025,40,81,,2066
cerebrovascular,total,total,2025,40,82,,2067
cerebrovascular,total,total,2025,40,83,,2068
cerebrovascular,total,total,2025,40,84,,2069
cerebrovascular,total,total,2025,40,85,,2070
cerebrovascular,total,total,2025,40,86,,2071
cerebrovascular,total,total,2025,40,87,,2072
cerebrovascular,total,total,2025,40,88,,2073
cerebrovascular,total,total,2025,40,89,,2074
heart_disease,total,total,2025,40,40,9.70469149637069,2025
heart_disease,total,total,2025,40,41,,2026
heart_disease,total,total,2025,40,42,,2027
heart_disease,total,total,2025,40,43,,2028
heart_disease,total,total,2025,40,44,,2029
heart_disease,total,total,2025,40,45,15.55268735728736,2030
heart_disease,total,total,2025,40,46,,2031
heart_disease,total,total,2025,40,47,,2032
heart_disease,total,total,2025,40,48,,2033
heart_disease,total,total,2025,40,49,,2034
heart_disease,total,total,2025,40,50,25.06646776313377,2035
heart_disease,total,total,2025,40,51,,2036
heart_disease,total,total,2025,40,52,,2037
heart_disease,total,total,2025,40,53,,2038
heart_disease,total,total,2025,40,54,,2039
heart_disease,total,total,2025,40,55,40.09844209216842,2040
heart_disease,total,total,2025,40,56,,2041
heart_disease,total,total,2025,40,57,,2042
heart_disease,total,total,2025,40,58,,2043
heart_disease,total,total,2025,40,59,,2044
heart_disease,total,total,2025,40,60,63.81096270615703,2045
heart_disease,total,total,2025,40,61,,2046
heart_disease,total,total,2025,40,62,,2047
heart_disease,total,total,2025,40,63,,2048
heart_disease,total,total,2025,40,64,,2049
heart_disease,total,total,2025,40,65,101.34066901709215,2050
heart_disease,total,total,2025,40,66,,2051
heart_disease,total,total,2025,40,67,,2052
heart_disease,total,total,2025,40,68,,2053
heart_disease,total,total,2025,40,69,,2054
heart_disease,total,total,2025,40,70,,2055
heart_disease,total,total,2025,40,71,,2056
heart_disease,total,total,2025,40,72,,2057
heart_disease,total,total,2025,40,73,,2058
heart_disease,total,total,2025,40,74,,2059
heart_disease,total,total,2025,40,75,,2060
heart_disease,total,total,2025,40,76,,2061
heart_disease,total,total,2025,40,77,,2062
heart_disease,total,total,2025,40,78,,2063
heart_disease,total,total,2025,40,79,,2064
heart_disease,total,total,2025,40,80,,2065
heart_disease,total,total,2025,40,81,,2066
heart_disease,total,total,2025,40,82,,2067
heart_disease,total,total,2025,40,83,,2068
heart_disease,total,total,2025,40,84,,2069
heart_disease,total,total,2025,40,85,,2070
heart_disease,total,total,2025,40,86,,2071
heart_disease,total,total,2025,40,87,,2072
heart_disease,total,total,2025,40,88,,2073
heart_disease,total,total,2025,40,89,,2074
cancer,total,total,2026,40,40,26.884272321996946,2026
cancer,total,total,2026,40,41,,2027
cancer,total,total,2026,40,42,,2028
cancer,total,total,2026,40,43,,2029
cancer,total,total,2026,40,44,,2030
cancer,total,total,2026,40,45,41.94805740215947,2031
cancer,total,total,2026,40,46,,2032
cancer,total,total,2026,40,47,,2033
cancer,total,total,2026,40,48,,2034
cancer,total,total,2026,40,49,,2035
cancer,total,total,2026,40,50,66.47659802133165,2036
cancer,total,total,2026,40,51,,2037
cancer,total,total,2026,40,52,,2038
cancer,total,total,2026,40,53,,2039
cancer,total,total,2026,40,54,,2040
cancer,total,total,2026,40,55,104.98396867090574,2041
cancer,total,total,2026,40,56,,2042
cancer,total,total,2026,40,57,,2043
cancer,total,total,2026,40,58,,2044
cancer,total,total,2026,40,59,,2045
cancer,total,total,2026,40,60,163.91989706511583,2046
cancer,total,total,2026,40,61,,2047
cancer,total,total,2026,40,62,,2048
cancer,total,total,2026,40,63,,2049
cancer,total,total,2026,40,64,,2050
cancer,total,total,2026,40,65,,2051
cancer,total,total,2026,40,66,,2052
cancer,total,total,2026,40,67,,2053
cancer,total,total,2026,40,68,,2054
cancer,total,total,2026,40,69,,2055
cancer,total,total,2026,40,70,,2056
cancer,total,total,2026,40,71,,2057
cancer,total,total,2026,40,72,,2058
cancer,total,total,2026,40,73,,2059
cancer,total,total,2026,40,74,,2060
cancer,total,total,2026,40,75,,2061
cancer,total,total,2026,40,76,,2062
cancer,total,total,2026,40,77,,2063
cancer,total,total,2026,40,78,,2064
cancer,total,total,2026,40,79,,2065
cancer,total,total,2026,40,80,,2066
cancer,total,total,2026,40,81,,2067
cancer,total,total,2026,40,82,,2068
cancer,total,total,2026,40,83,,2069
cancer,total,total,2026,40,84,,2070
cancer,total,total,2026,40,85,,2071
cancer,total,total,2026,40,86,,2072
cancer,total,total,2026,40,87,,2073
cancer,total,total,2026,40,88,,2074
cancer,total,total,2026,40,89,,2075
cerebrovascular,total,total,2026,40,40,7.342120342804233,2026
cerebrovascular,total,total,2026,40,41,,2027
cerebrovascular,total,total,2026,40,42,,2028
cerebrovascular,total,total,2026,40,43,,2029
cerebrovascular,total,total,2026,40,44,,2030
cerebrovascular,total,total,2026,40,45,10.917303381256664,2031
cerebrovascular,total,total,2026,40,46,,2032
cerebrovascular,total,total,2026,40,47,,2033
cerebrovascular,total,total,2026,40,48,,2034
cerebrovascular,total,total,2026,40,49,,2035
cerebrovascular,total,total,2026,40,50,15.927847419658578,2036
cerebrovascular,total,total,2026,40,51,,2037
cerebrovascular,total,total,2026,40,52,,2038
cerebrovascular,total,total,2026,40,53,,2039
cerebrovascular,total,total,2026,40,54,,2040
cerebrovascular,total,total,2026,40,55,23.237299196468186,2041
cerebrovascular,total,total,2026,40,56,,2042
cerebrovascular,total,total,2026,40,57,,2043
cerebrovascular,total,total,2026,40,58,,2044
cerebrovascular,total,total,2026,40,59,,2045
cerebrovascular,total,total,2026,40,60,34.09196891318853,2046
cerebrovascular,total,total,2026,40,61,,2047
cerebrovascular,total,total,2026,40,62,,2048
cerebrovascular,total,total,2026,40,63,,2049
cerebrovascular,total,total,2026,40,64,,2050
cerebrovascular,total,total,2026,40,65,,2051
cerebrovascular,total,total,2026,40,66,,2052
cerebrovascular,total,total,2026,40,67,,2053
cerebrovascular,total,total,2026,40,68,,2054
cerebrovascular,total,total,2026,40,69,,2055
cerebrovascular,total,total,2026,40,70,,2056
cerebrovascular,total,total,2026,40,71,,2057
cerebrovascular,total,total,2026,40,72,,2058
cerebrovascular,total,total,2026,40,73,,2059
cerebrovascular,total,total,2026,40,74,,2060
cerebrovascular,total,total,2026,40,75,,2061
cerebrovascular,total,total,2026,40,76,,2062
cerebrovascular,total,total,2026,40,77,,2063
cerebrovascular,total,total,2026,40,78,,2064
cerebrovascular,total,total,2026,40,79,,2065
cerebrovascular,total,total,2026,40,80,,2066
cerebrovascular,total,total,2026,40,81,,2067
cerebrovascular,total,total,2026,40,82,,2068
cerebrovascular,total,total,2026,40,83,,2069
cerebrovascular,total,total,2026,40,84,,2070
cerebrovascular,total,total,2026,40,85,,2071
cerebrovascular,total,total,2026,40,86,,2072
cerebrovascular,total,total,2026,40,87,,2073
cerebrovascular,total,total,2026,40,88,,2074
cerebrovascular,total,total,2026,40,89,,2075
heart_disease,total,total,2026,40,40,9.610023058638655,2026
heart_disease,total,total,2026,40,41,,2027
heart_disease,total,total,2026,40,42,,2028
heart_disease,total,total,2026,40,43,,2029
heart_disease,total,total,2026,40,44,,2030
heart_disease,total,total,2026,40,45,15.41988034704262,2031
heart_disease,total,total,2026,40,46,,2032
heart_disease,total,total,2026,40,47,,2033
heart_disease,total,total,2026,40,48,,2034
heart_disease,total,total,2026,40,49,,2035
heart_disease,total,total,2026,40,50,24.81580308550243,2036
heart_disease,total,total,2026,40,51,,2037
heart_disease,total,total,2026,40,52,,2038
heart_disease,total,total,2026,40,53,,2039
heart_disease,total,total,2026,40,54,,2040
heart_disease,total,total,2026,40,55,39.69745767124673,2041
heart_disease,total,total,2026,40,56,,2042
heart_disease,total,total,2026,40,57,,2043
heart_disease,total,total,2026,40,58,,2044
heart_disease,total,total,2026,40,59,,2045
heart_disease,total,total,2026,40,60,63.172853079095454,2046
heart_disease,total,total,2026,40,61,,2047
heart_disease,total,total,2026,40,62,,2048
heart_disease,total,total,2026,40,63,,2049
heart_disease,total,total,2026,40,64,,2050
heart_disease,total,total,2026,40,65,,2051
heart_disease,total,total,2026,40,66,,2052
heart_disease,total,total,2026,40,67,,2053
heart_disease,total,total,2026,40,68,,2054
heart_disease,total,total,2026,40,69,,2055
heart_disease,total,total,2026,40,70,,2056
heart_disease,total,total,2026,40,71,,2057
heart_disease,total,total,2026,40,72,,2058
heart_disease,total,total,2026,40,73,,2059
heart_disease,total,total,2026,40,74,,2060
heart_disease,total,total,2026,40,75,,2061
heart_disease,total,total,2026,40,76,,2062
heart_disease,total,total,2026,40,77,,2063
heart_disease,total,total,2026,40,78,,2064
heart_disease,total,total,2026,40,79,,2065
heart_disease,total,total,2026,40,80,,2066
heart_disease,total,total,2026,40,81,,2067
heart_disease,total,total,2026,40,82,,2068
heart_disease,total,total,2026,40,83,,2069
heart_disease,total,total,2026,40,84,,2070
heart_disease,total,total,2026,40,85,,2071
heart_disease,total,total,2026,40,86,,2072
heart_disease,total,total,2026,40,87,,2073
heart_disease,total,total,2026,40,88,,2074
heart_disease,total,total,2026,40,89,,2075
cancer,total,total,2027,40,40,26.439478057317686,2027
cancer,total,total,2027,40,41,,2028
cancer,total,total,2027,40,42,,2029
cancer,total,total,2027,40,43,,2030
cancer,total,total,2027,40,44,,2031
cancer,total,total,2027,40,45,41.436452461001096,2032
cancer,total,total,2027,40,46,,2033
cancer,total,total,2027,40,47,,2034
cancer,total,total,2027,40,48,,2035
cancer,total,total,2027,40,49,,2036
cancer,total,total,2027,40,50,65.81183204111834,2037
cancer,total,total,2027,40,51,,2038
cancer,total,total,2027,40,52,,2039
cancer,total,total,2027,40,53,,2040
cancer,total,total,2027,40,54,,2041
cancer,total,total,2027,40,55,103.93412898419668,2042
cancer,total,total,2027,40,56,,2043
cancer,total,total,2027,40,57,,2044
cancer,total,total,2027,40,58,,2045
cancer,total,total,2027,40,59,,2046
cancer,total,total,2027,40,60,162.28069809446467,2047
cancer,total,total,2027,40,61,,2048
cancer,total,total,2027,40,62,,2049
cancer,total,total,2027,40,63,,2050
cancer,total,total,2027,40,64,,2051
cancer,total,total,2027,40,65,,2052
cancer,total,total,2027,40,66,,2053
cancer,total,total,2027,40,67,,2054
cancer,total,total,2027,40,68,,2055
cancer,total,total,2027,40,69,,2056
cancer,total,total,2027,40,70,,2057
cancer,total,total,2027,40,71,,2058
cancer,total,total,2027,40,72,,2059
cancer,total,total,2027,40,73,,2060
cancer,total,total,2027,40,74,,2061
cancer,total,total,2027,40,75,,2062
cancer,total,total,2027,40,76,,2063
cancer,total,total,2027,40,77,,2064
cancer,total,total,2027,40,78,,2065
cancer,total,total,2027,40,79,,2066
cancer,total,total,2027,40,80,,2067
cancer,total,total,2027,40,81,,2068
cancer,total,total,2027,40,82,,2069
cancer,total,total,2027,40,83,,2070
cancer,total,total,2027,40,84,,2071
cancer,total,total,2027,40,85,,2072
cancer,total,total,2027,40,86,,2073
cancer,total,total,2027,40,87,,2074
cancer,total,total,2027,40,88,,2075
cancer,total,total,2027,40,89,,2076
cerebrovascular,total,total,2027,40,40,7.317484163672751,2027
cerebrovascular,total,total,2027,40,41,,2028
cerebrovascular,total,total,2027,40,42,,2029
cerebrovascular,total,total,2027,40,43,,2030
cerebrovascular,total,total,2027,40,44,,2031
cerebrovascular,total,total,2027,40,45,10.831918089081825,2032
cerebrovascular,total,total,2027,40,46,,2033
cerebrovascular,total,total,2027,40,47,,2034
cerebrovascular,total,total,2027,40,48,,2035
cerebrovascular,total,total,2027,40,49,,2036
cerebrovascular,total,total,2027,40,50,15.768568945461992,2037
cerebrovascular,total,total,2027,40,51,,2038
cerebrovascular,total,total,2027,40,52,,2039
cerebrovascular,total,total,2027,40,53,,2040
cerebrovascular,total,total,2027,40,54,,2041
cerebrovascular,total,total,2027,40,55,23.004926204503505,2042
cerebrovascular,total,total,2027,40,56,,2043
cerebrovascular,total,total,2027,40,57,,2044
cerebrovascular,total,total,2027,40,58,,2045
cerebrovascular,total,total,2027,40,59,,2046
cerebrovascular,total,total,2027,40,60,33.75104922405664,2047
cerebrovascular,total,total,2027,40,61,,2048
cerebrovascular,total,total,2027,40,62,,2049
cerebrovascular,total,total,2027,40,63,,2050
cerebrovascular,total,total,2027,40,64,,2051
cerebrovascular,total,total,2027,40,65,,2052
cerebrovascular,total,total,2027,40,66,,2053
cerebrovascular,total,total,2027,40,67,,2054
cerebrovascular,total,total,2027,40,68,,2055
cerebrovascular,total,total,2027,40,69,,2056
cerebrovascular,total,total,2027,40,70,,2057
cerebrovascular,total,total,2027,40,71,,2058
cerebrovascular,total,total,2027,40,72,,2059
cerebrovascular,total,total,2027,40,73,,2060
cerebrovascular,total,total,2027,40,74,,2061
cerebrovascular,total,total,2027,40,75,,2062
cerebrovascular,total,total,2027,40,76,,2063
cerebrovascular,total,total,2027,40,77,,2064
cerebrovascular,total,total,2027,40,78,,2065
cerebrovascular,total,total,2027,40,79,,2066
cerebrovascular,total,total,2027,40,80,,2067
cerebrovascular,total,total,2027,40,81,,2068
cerebrovascular,total,total,2027,40,82,,2069
cerebrovascular,total,total,2027,40,83,,2070
cerebrovascular,total,total,2027,40,84,,2071
cerebrovascular,total,total,2027,40,85,,2072
cerebrovascular,total,total,2027,40,86,,2073
cerebrovascular,total,total,2027,40,87,,2074
cerebrovascular,total,total,2027,40,88,,2075
cerebrovascular,total,total,2027,40,89,,2076
heart_disease,total,total,2027,40,40,9.516016406175968,2027
heart_disease,total,total,2027,40,41,,2028
heart_disease,total,total,2027,40,42,,2029
heart_disease,total,total,2027,40,43,,2030
heart_disease,total,total,2027,40,44,,2031
heart_disease,total,total,2027,40,45,15.282575934520818,2032
heart_disease,total,total,2027,40,46,,2033
heart_disease,total,total,2027,40,47,,2034
heart_disease,total,total,2027,40,48,,2035
heart_disease,total,total,2027,40,49,,2036
heart_disease,total,total,2027,40,50,24.567645054647407,2037
heart_disease,total,total,2027,40,51,,2038
heart_disease,total,total,2027,40,52,,2039
heart_disease,total,total,2027,40,53,,2040
heart_disease,total,total,2027,40,54,,2041
heart_disease,total,total,2027,40,55,39.300483094534265,2042
heart_disease,total,total,2027,40,56,,2043
heart_disease,total,total,2027,40,57,,2044
heart_disease,total,total,2027,40,58,,2045
heart_disease,total,total,2027,40,59,,2046
heart_disease,total,total,2027,40,60,62.541124548304495,2047
heart_disease,total,total,2027,40,61,,2048
heart_disease,total,total,2027,40,62,,2049
heart_disease,total,total,2027,40,63,,2050
heart_disease,total,total,2027,40,64,,2051
heart_disease,total,total,2027,40,65,,2052
heart_disease,total,total,2027,40,66,,2053
heart_disease,total,total,2027,40,67,,2054
heart_disease,total,total,2027,40,68,,2055
heart_disease,total,total,2027,40,69,,2056
heart_disease,total,total,2027,40,70,,2057
heart_disease,total,total,2027,40,71,,2058
heart_disease,total,total,2027,40,72,,2059
heart_disease,total,total,2027,40,73,,2060
heart_disease,total,total,2027,40,74,,2061
heart_disease,total,total,2027,40,75,,2062
heart_disease,total,total,2027,40,76,,2063
heart_disease,total,total,2027,40,77,,2064
heart_disease,total,total,2027,40,78,,2065
heart_disease,total,total,2027,40,79,,2066
heart_disease,total,total,2027,40,80,,2067
heart_disease,total,total,2027,40,81,,2068
heart_disease,total,total,2027,40,82,,2069
heart_disease,total,total,2027,40,83,,2070
heart_disease,total,total,2027,40,84,,2071
heart_disease,total,total,2027,40,85,,2072
heart_disease,total,total,2027,40,86,,2073
heart_disease,total,total,2027,40,87,,2074
heart_disease,total,total,2027,40,88,,2075
heart_disease,total,total,2027,40,89,,2076
